02101,Downtown Boston
02108,Beacon Hill
02109,Markets / Inner Harbor
02110,Financial District / Wharves
02111,Chinatown / Tufts-New England Medical Center
02112,Downtown Boston
02113,North End
02114,West End / Back of the Hill
02115,Fenway / East Fens / Longwood
02116,Back Bay
02117,Downtown Boston
02118,South End
02119,Roxbury
02120,Roxbury Crossing
02121,Roxbury / Grove Hall
02122,Dorchester / Fields Corner
02123,Downtown Boston
02124,Dorchester / Codman Square
02125,Dorchester / Uphams Corner
02126,Mattapan
02127,South Boston
02128,East Boston
02129,Charlestown
02130,Jamaica Plain
02131,Roslindale
02132,West Roxbury
02133,Downtown Boston
02134,Allston
02135,Brighton
02136,Hyde Park
02137,Readville
02138,Cambridge
02139,Cambridge
02140,Cambridge
02141,Cambridge
02142,Cambridge
02143,Somerville
02144,Somerville
02145,Somerville
02163,North Brighton / Cambridge
02196,Downtown Boston
02199,Prudential
02201,Downtown Boston
02205,Downtown Boston
02210,South Boston / Fort Point
02215,Kenmore / Boston University
02216,Downtown Boston
02228,East Boston
02238,Cambridge
02445,Brookline
02446,Brookline
02447,Brookline Village